{
  "antiunitary_operation_count": 24,
  "authorization": {
    "all_antiunitary_validation": true,
    "all_unitary_double_group_validation": true,
    "alloy": false,
    "canonical_gamma_basis": true,
    "direct_wavefunction_irrep_assignment": true,
    "electron_phonon_self_energy": false,
    "finite_k_kane_parameter_fit": false,
    "hgte": false,
    "phonons": false,
    "relative_inter_irrep_sign_fix": false
  },
  "claim_boundary": "Passing this gate validates the selected CdTe Gamma subspaces and their canonical internal bases under the complete generated Td double-group section. It does not establish converged physical CdTe Kane parameters, finite-k sign conventions, phonons, electron-phonon renormalization, HgTe, or alloy results.",
  "double_group_element_count": 48,
  "evidence_artifact": {
    "artifact_id": 8412517215,
    "artifact_sha256": "92b4a8cf56f0fa9983ccfea2a7b10c58920eb116895896e0dd767a45d49e4e08",
    "expires_at": "2026-08-16T16:04:24Z",
    "workflow_run_id": 29594001046
  },
  "full_runtime_result_sha256": "13fb8be6833d102a615c7af9d71485a8c205e63838315ce109832e265dfdadf7",
  "generator_operation_indices": {
    "C3_[111]": 41,
    "S4_z": 23,
    "pure_time_reversal": 2
  },
  "irreps": {
    "Gamma6": {
      "bands_one_based": [37, 38],
      "generator_intertwiner_nullity": 1,
      "generator_next_singular_value": 1.0000000000002216,
      "generator_smallest_singular_value": 3.842047981983231e-13,
      "generator_symmetry_residual": 5.182314614222093e-13,
      "intertwiner": [[[-0.050735636885128284, -0.10962597253805433], [0.9826538566503609, -0.1407104804380902]], [[-0.854917644077916, -0.5045035808983042], [-0.088677844223809, 0.08202559752218642]]],
      "intertwiner_unitarity_residual": 1.6213865591180214e-16,
      "maximum_antiunitary_residual": 1.5234207994342523e-12,
      "maximum_unitary_residual": 1.7013154837418136e-12,
      "probe_block_index": 2,
      "pure_time_reversal_residual": 1.8755176881803746e-15
    },
    "Gamma7": {
      "bands_one_based": [31, 32],
      "generator_intertwiner_nullity": 1,
      "generator_next_singular_value": 0.9999999999999993,
      "generator_smallest_singular_value": 1.345248744872869e-15,
      "generator_symmetry_residual": 1.5045883838716044e-15,
      "intertwiner": [[[-0.6829405670454489, -0.24115066240840674], [-0.6888526610658958, -0.03034058743765087]], [[0.09437299780153377, 0.683031680956], [-0.30371586308288884, -0.657509037662745]]],
      "intertwiner_unitarity_residual": 9.055721784154398e-16,
      "maximum_antiunitary_residual": 6.689266473681198e-15,
      "maximum_unitary_residual": 6.48245714544832e-15,
      "probe_block_index": 0,
      "pure_time_reversal_residual": 3.4391723074687274e-15
    },
    "Gamma8": {
      "bands_one_based": [33, 34, 35, 36],
      "generator_intertwiner_nullity": 1,
      "generator_next_singular_value": 0.9999999999998805,
      "generator_smallest_singular_value": 1.783011027046449e-12,
      "generator_symmetry_residual": 3.322506240111243e-12,
      "intertwiner": [[[0.23723391008827402, 0.536265963612412], [-0.2807901716154911, -0.12512979114280023], [0.08975523587894102, 0.514288378926243], [-0.5320886928069873, -0.07727475000584633]], [[0.5039425367407043, -0.028619894999963518], [0.08061517701254152, 0.03550631265503232], [0.2511993542900131, -0.21734198231339086], [0.09148959825796699, -0.7866093800669913]], [[-0.012307091106311587, -0.6145969180169597], [-0.18252469776551047, 0.07702212986211598], [-0.014751951908461557, 0.7201197635252697], [0.1735966712096487, -0.1842432954812651]], [[-0.13329663618381168, 0.07558359678693866], [-0.7001779072539104, 0.6068303999473231], [-0.22031675508219534, -0.22312158476344424], [0.011034127788213261, -0.13993721606059734]]],
      "intertwiner_unitarity_residual": 9.7452559212247e-16,
      "maximum_antiunitary_residual": 6.1994008898124364e-12,
      "maximum_unitary_residual": 5.33095835242436e-12,
      "probe_block_index": 1,
      "pure_time_reversal_residual": 3.672558887754534e-12
    }
  },
  "maximum_canonical_matrix_residual": 6.1994008898124364e-12,
  "maximum_operation_rotation_mapping_residual": 3.4721453107352435e-15,
  "maximum_operation_spinor_lift_mapping_residual": 2.761644904721361e-15,
  "operation_validation_summary": {
    "all_operations_below_declared_threshold": true,
    "omitted_from_committed_summary": "Per-operation records remain in the hashed workflow artifact; canonical intertwiners and maximum residuals are committed here.",
    "operation_count": 48
  },
  "probe_data_file_schema_sha256": "27ddf2a2c8e236a392047ecf32460a4ccb82886c12491b5f579b3fabe72c26d1",
  "probe_json_sha256": "ec8d0e0da40fcfe44fa0b629040be55dba8dcc803e090413564825128be663f0",
  "remaining_freedom": "One relative discrete sign per inequivalent irrep remains. Fix those signs only with a declared linear-k Kane matrix-element convention.",
  "schema_version": "1.0",
  "selected_global_bands_one_based": [31, 32, 33, 34, 35, 36, 37, 38],
  "space_group_name": "F-43m1'",
  "space_group_number": "216.75",
  "status": "validated_full_cdte_gamma_double_group_canonical_basis",
  "unitary_operation_count": 24,
  "upstream": {
    "basis_convention": "Novik_2005_Eq_4",
    "basis_correction_merge_commit": "540f592d3cd6f58241693529b4af2d32e5c981ce",
    "basis_correction_pull_request": 80,
    "merged_probe_commit": "1ff2a76408a7914b73a5566a630d014023c3887f",
    "probe_contract": "first_principles/a0/cdte_irrep_symmetry_probe.json",
    "probe_workflow": ".github/workflows/cdte-irrep-symmetry-probe.yml",
    "reference_artifact_id": 8400377373,
    "reference_artifact_sha256": "7f84a4288a1bae05e94fc9ca8f790c72ff6ec4e52a4fc40a2bfdbac99839046b"
  }
}
