specimen_id,model_id,prediction_mev,fitted_model_residual_min_mev,fitted_model_residual_max_mev,strict_ranking_authorized
moazzami2005_x0.226,hansen,190.36636243200002,-9.280737432000024,-2.8663624320000167,False
moazzami2005_x0.226,published_seiler,190.11175067821742,-9.026125678217426,-2.611750678217419,False
moazzami2005_x0.226,laurenti,191.0177437537777,-9.9321187537777,-3.517743753777694,False
moazzami2005_x0.226,provisional_hansen_pade,199.35746700618657,-18.271842006186574,-11.857467006186567,False
moazzami2005_x0.310,hansen,304.23511199999996,-14.565486999999962,-7.735111999999958,False
moazzami2005_x0.310,published_seiler,304.0585564043113,-14.388931404311279,-7.558556404311275,False
moazzami2005_x0.310,laurenti,316.7589308689798,-27.089305868979807,-20.258930868979803,False
moazzami2005_x0.310,provisional_hansen_pade,310.46981955144315,-20.800194551443155,-13.969819551443152,False
